City,Lat,Lng,Max Temp,Humidity,Cloudiness,Wind Speed,Country,Date
Bathsheba,13.2167,-59.5167,78.8,73,40,21.85,BB,1612061852
Avarua,-21.2078,-159.775,84.2,70,75,4.61,CK,1612061852
Jamestown,42.097,-79.2353,18.0,79,1,5.75,US,1612061821
Richards Bay,-28.783,32.0377,74.25,94,85,4.36,ZA,1612061646
Rikitea,-23.1203,-134.9692,79.38,72,0,11.52,PF,1612061852
Albany,42.6001,-73.9662,12.99,69,10,7.0,US,1612061655
Dingle,10.9995,122.6711,80.69,76,94,17.31,PH,1612061853
Bluff,-46.6,168.3333,58.14,73,99,11.43,NZ,1612061853
Khorixas,-20.3667,14.9667,67.59,57,84,4.38,NA,1612061853
Bethel,41.3712,-73.414,17.01,67,1,6.8,US,1612061629
Iqaluit,63.7506,-68.5145,-7.01,71,1,16.11,CA,1612061853
Nouadhibou,20.931,-17.0347,66.2,63,0,17.27,MR,1612061712
Kulachi,31.9286,70.4592,49.35,45,0,1.45,PK,1612061853
Yellowknife,62.456,-114.3525,-16.01,76,1,4.61,CA,1612061854
Hermanus,-34.4187,19.2345,61.0,90,2,9.51,ZA,1612061854
Kutulik,53.3508,102.7839,-26.93,82,100,12.1,RU,1612061854
Puerto Ayora,-0.7393,-90.3518,78.01,90,48,7.0,EC,1612061854
Dunedin,-45.8742,170.5036,59.0,79,100,20.0,NZ,1612061772
Anjozorobe,-18.4,47.8667,64.4,94,75,4.61,MG,1612061854
Zhangaözen,43.3,52.8,36.97,86,75,9.55,KZ,1612061854
Port Alfred,-33.5906,26.891,62.01,92,0,2.46,ZA,1612061653
Talnakh,69.4865,88.3972,-31.23,71,0,7.14,RU,1612061854
Cape Town,-33.9258,18.4232,68.0,82,75,8.05,ZA,1612061822
Tuktoyaktuk,69.4541,-133.0374,-34.6,67,40,4.61,CA,1612061854
Kruisfontein,-34.0033,24.7314,57.99,92,0,4.59,ZA,1612061855
Hambantota,6.1241,81.1185,77.0,94,20,6.91,LK,1612061855
Nikolskoye,59.7035,30.7861,24.8,93,75,4.47,RU,1612061855
Petukhovo,55.0692,67.9019,10.13,93,74,6.2,RU,1612061855
Lipari,38.4674,14.954,61.0,58,100,6.29,IT,1612061855
Busselton,-33.65,115.3333,87.01,44,0,1.99,AU,1612061856
Bintulu,3.1667,113.0333,82.4,83,20,3.44,MY,1612061856
Ushuaia,-54.8,-68.3,48.2,71,20,23.02,AR,1612061856
Batagay-Alyta,67.8006,130.4114,-33.41,80,89,2.24,RU,1612061644
Castro,-24.7911,-50.0119,64.63,96,100,4.03,BR,1612061856
Meulaboh,4.1363,96.1285,82.36,67,71,1.52,ID,1612061856
Kalabo,-14.97,22.6814,66.69,95,100,5.84,ZM,1612061856
Cherskiy,68.75,161.3,-35.21,83,0,2.01,RU,1612061856
Bengkulu,-3.8004,102.2655,75.51,87,100,5.08,ID,1612061557
Punta Arenas,-53.15,-70.9167,48.2,71,0,17.27,CL,1612061856
Lavrentiya,65.5833,-171.0,-13.86,84,65,7.49,RU,1612061857
Rosarito,32.3333,-117.0333,54.0,76,40,6.91,MX,1612061857
Bonthe,7.5264,-12.505,76.93,87,32,2.26,SL,1612061857
Vaini,-21.2,-175.2,86.0,79,75,13.8,TO,1612061857
Hithadhoo,-0.6,73.0833,81.79,79,10,13.98,MV,1612061857
Lata,40.1629,-8.3327,55.99,93,100,4.0,PT,1612061857
Kargasok,59.0556,80.8572,-22.72,84,100,11.21,RU,1612061857
Mukhen,48.1,136.1,-7.04,83,25,10.13,RU,1612061857
Kapaa,22.0752,-159.319,75.2,78,40,18.41,US,1612061768
Grand Gaube,-20.0064,57.6608,78.01,82,10,1.99,MU,1612061710
Assiut,27.181,31.1837,44.6,65,0,4.61,EG,1612061858
Mataura,-46.1927,168.8643,73.81,35,98,3.65,NZ,1612061858
Upernavik,72.7868,-56.1549,-9.8,85,80,5.32,GL,1612061858
Boundiali,9.5217,-6.4869,69.8,22,3,3.71,CI,1612061858
Airai,-8.9266,125.4092,63.7,100,100,6.35,TL,1612061858
Saint Paul Harbor,57.79,-152.4072,32.0,51,1,19.57,US,1612061858
Qui Nhon,13.7667,109.2333,74.64,82,100,12.39,VN,1612061642
Saldanha,-33.0117,17.9442,63.37,92,0,2.84,ZA,1612061858
Penzance,50.1186,-5.5371,42.8,87,90,8.05,GB,1612061858
Saskylakh,71.9167,114.0833,-33.23,83,100,10.67,RU,1612061858
Hwange,-18.3693,26.5019,67.69,91,100,2.01,ZW,1612061858
Leh,34.1667,77.5833,3.29,57,31,1.16,IN,1612061616
Hobart,-42.8794,147.3294,73.99,52,40,12.66,AU,1612061859
East London,-33.0153,27.9116,70.34,84,71,4.12,ZA,1612061859
Sitka,57.0531,-135.33,39.2,60,40,11.5,US,1612061859
Longyearbyen,78.2186,15.6401,-5.8,59,20,19.57,SJ,1612061637
San Cristobal,7.7669,-72.225,64.76,73,93,1.43,VE,1612061859
Vestmannaeyjar,63.4427,-20.2734,32.31,92,100,17.07,IS,1612061859
Waterloo,43.4668,-80.5164,18.0,86,75,5.75,CA,1612061859
Asău,46.4333,26.4,37.0,80,20,18.41,RO,1612061860
Aksarka,66.5606,67.7975,-14.89,88,100,9.01,RU,1612061860
Thompson,55.7435,-97.8558,14.0,92,90,2.3,CA,1612061860
Khatanga,71.9667,102.5,-47.29,78,40,1.7,RU,1612061860
Tarko-Sale,64.9225,77.785,-18.74,85,100,19.64,RU,1612061860
Constitución,-35.3333,-72.4167,59.0,92,21,8.19,CL,1612061860
Iki-Burul,45.8208,44.6472,30.2,93,60,15.66,RU,1612061860
Cabo San Lucas,22.8909,-109.9124,66.2,82,20,3.44,MX,1612061675
Kilindoni,-7.9139,39.6668,80.65,81,92,13.98,TZ,1612061629
Albanel,48.8832,-72.4487,-5.8,77,6,11.5,CA,1612061861
Codrington,-38.2667,141.9667,66.47,58,0,11.54,AU,1612061861
Yeniseysk,58.4497,92.1703,-34.74,80,0,3.11,RU,1612061861
Tiksi,71.6872,128.8694,-26.99,86,100,4.63,RU,1612061861
Carnarvon,-24.8667,113.6333,91.4,58,2,4.61,AU,1612061861
Mount Isa,-20.7333,139.5,102.2,22,40,11.5,AU,1612061861
Qaanaaq,77.484,-69.3632,-5.04,77,99,2.46,GL,1612061861
Baruun-Urt,46.6806,113.2792,8.19,95,100,2.82,MN,1612061861
Viedma,-40.8135,-62.9967,55.99,70,53,7.47,AR,1612061862
Kahului,20.8947,-156.47,78.8,57,40,17.27,US,1612061862
Broome,42.2506,-75.833,12.2,79,1,10.36,US,1612061862
Xining,36.6167,101.7667,20.28,67,0,3.8,CN,1612061862
Namtsy,62.7161,129.6658,-45.4,59,100,4.38,RU,1612061862
Araouane,18.9048,-3.5265,64.36,23,26,9.98,ML,1612061862
Inuvik,68.3499,-133.7218,-27.4,75,100,1.14,CA,1612061726
Udachny,66.4167,112.4,-30.5,81,100,9.91,RU,1612061862
Arraial do Cabo,-22.9661,-42.0278,76.66,83,5,25.77,BR,1612061862
Oudtshoorn,-33.5907,22.2014,62.6,88,0,3.44,ZA,1612061862
Chinchani,19.8667,72.7,72.66,41,3,6.02,IN,1612061622
Mar del Plata,-38.0023,-57.5575,61.0,51,0,18.41,AR,1612061863
Barentu,15.1139,37.5928,57.65,87,0,3.96,ER,1612061863
Narsaq,60.9167,-46.05,39.2,30,75,28.77,GL,1612061863
Cascais,38.6979,-9.4215,59.0,84,89,12.68,PT,1612061841
Kavaratti,10.5669,72.642,80.85,73,3,11.27,IN,1612061863
Sobolevo,54.4299,31.8996,17.64,97,100,5.37,RU,1612061863
Wagar,16.1525,36.2032,60.44,92,0,8.14,SD,1612061863
San Vicente,-26.6167,-54.1333,68.18,90,16,5.14,AR,1612061863
San Felipe,10.3399,-68.7425,70.34,87,83,5.48,VE,1612061864
Souillac,-20.5167,57.5167,78.8,83,20,6.91,MU,1612061864
Hīt,33.6416,42.8251,49.3,59,96,8.9,IQ,1612061864
Pevek,69.7008,170.3133,-33.2,84,4,3.04,RU,1612061864
New Norfolk,-42.7826,147.0587,73.99,38,7,3.0,AU,1612061864
Lüderitz,-26.6481,15.1594,63.77,67,0,17.02,NA,1612061864
Rome,43.2128,-75.4557,12.2,79,90,5.75,US,1612061865
Taylorville,39.5489,-89.2945,37.0,100,90,20.71,US,1612061865
Storforshei,66.4043,14.5233,5.0,80,100,5.01,NO,1612061865
Kâhta,37.7855,38.6237,37.4,100,90,28.77,TR,1612061865
Mount Gambier,-37.8333,140.7667,71.6,46,40,6.91,AU,1612061606
Provideniya,64.3833,-173.3,-8.91,83,100,14.56,RU,1612061865
Ariquemes,-9.9133,-63.0408,73.92,96,100,1.77,BR,1612061865
Malakal,9.5334,31.6605,71.4,24,24,7.52,SS,1612061865
Ames,42.0347,-93.6199,30.2,93,90,14.97,US,1612061702
Butaritari,3.0707,172.7902,81.19,79,56,18.23,KI,1612061865
Sumkino,58.1108,68.3244,13.68,96,100,9.04,RU,1612061866
Severnoye,56.3491,78.3619,-12.08,86,100,9.01,RU,1612061866
Taoudenni,22.6783,-3.9836,63.28,27,1,4.9,ML,1612061866
Kavieng,-2.5744,150.7967,83.46,73,99,14.0,PG,1612061866
Soria,41.6667,-2.6667,37.99,91,96,3.0,ES,1612061866
Olden,61.8364,6.8064,30.0,93,98,5.19,NO,1612061866
Kushima,31.4583,131.2333,53.6,47,20,4.61,JP,1612061613
Pontes e Lacerda,-15.2261,-59.3353,72.9,92,100,2.82,BR,1612061866
Timmins,48.4669,-81.3331,-2.2,84,1,2.3,CA,1612061866
Pitimbu,-7.4706,-34.8086,77.0,88,20,4.61,BR,1612061682
Zhangye,38.9342,100.4517,27.5,66,0,3.71,CN,1612061866
Chui,-33.6971,-53.4616,68.34,93,100,15.59,UY,1612061867
Ust-Tsilma,65.441,52.1498,3.87,93,100,9.33,RU,1612061867
Mahébourg,-20.4081,57.7,78.8,83,20,6.91,MU,1612061867
Hirara,24.8,125.2833,69.8,49,20,14.97,JP,1612061867
George Town,5.4112,100.3354,84.0,57,20,9.22,MY,1612061867
Aykhal,66.0,111.5,-32.3,81,100,11.79,RU,1612061867
Kysyl-Syr,63.8986,122.7617,-47.06,75,45,1.21,RU,1612061867
Kpandae,8.4689,-0.0113,77.41,71,2,4.34,GH,1612061650
Avera,33.194,-82.5271,46.4,71,40,5.75,US,1612061682
Bangolo,7.0069,-7.475,71.55,91,61,2.55,CI,1612061867
Hamilton,39.1834,-84.5333,33.01,93,90,9.22,US,1612061867
Barrow,71.2906,-156.7887,-16.6,69,90,4.61,US,1612061868
Shenjiamen,29.9576,122.298,53.71,80,75,14.83,CN,1612061629
Parfino,57.9731,31.6481,21.34,97,96,5.06,RU,1612061868
Hilo,19.7297,-155.09,78.8,57,90,9.22,US,1612061868
Hobyo,5.3505,48.5268,75.2,74,67,14.99,SO,1612061868
Saint-Augustin,51.226,-58.6502,26.76,92,100,18.79,CA,1612061868
Gujranwala,32.1617,74.1883,39.2,93,0,0.67,PK,1612061869
Geraldton,-28.7667,114.6,102.2,16,0,6.91,AU,1612061869
Vanimo,-2.6741,141.3028,85.3,68,100,10.2,PG,1612061869
Bubaque,11.2833,-15.8333,78.78,63,71,11.92,GW,1612061753
Yulara,-25.2406,130.9889,91.4,21,90,17.27,AU,1612061869
Port Hawkesbury,45.6169,-61.3485,26.01,86,90,12.66,CA,1612061702
Makīnsk,52.6292,70.4169,13.96,88,100,6.2,KZ,1612061869
Bam,29.106,58.357,54.81,48,0,10.78,IR,1612061869
Sioux Lookout,50.1001,-91.917,21.2,93,90,8.05,CA,1612061869
Laguna,38.421,-121.4238,55.4,58,90,6.24,US,1612061869
Ribeira Grande,38.5167,-28.7,62.92,93,99,19.6,PT,1612061869
Katangli,51.7102,143.2326,0.73,88,100,13.02,RU,1612061870
Oranjemund,-28.55,16.4333,59.59,92,2,7.81,NA,1612061870
Alice Springs,-23.7,133.8833,98.01,20,83,16.11,AU,1612061870
Makakilo City,21.3469,-158.0858,82.4,47,40,5.75,US,1612061870
Bredasdorp,-34.5322,20.0403,61.0,90,0,6.55,ZA,1612061870
San Quintín,30.4833,-115.95,56.98,77,0,5.75,MX,1612061870
Kununurra,-15.7667,128.7333,87.8,74,40,5.75,AU,1612061712
Yunhe,34.0833,119.7167,53.58,46,58,6.93,CN,1612061870
Manggar,-2.8833,108.2667,84.52,69,100,10.65,ID,1612061870
Dikson,73.5069,80.5464,-33.68,80,0,5.7,RU,1612061870
Saint-Pierre,-21.3393,55.4781,79.0,65,0,5.75,RE,1612061871
Talcahuano,-36.7167,-73.1167,59.0,94,0,4.61,CL,1612061871
Pisco,-13.7,-76.2167,69.8,73,0,14.97,PE,1612061662
Gushikawa,26.3544,127.8686,68.0,49,1,9.22,JP,1612061871
Chokurdakh,70.6333,147.9167,-30.1,85,18,8.5,RU,1612061871
High Level,58.5169,-117.136,-5.8,92,40,3.49,CA,1612061871
Atuona,-9.8,-139.0333,79.11,75,62,16.8,PF,1612061871
Sisimiut,66.9395,-53.6735,5.22,90,66,7.72,GL,1612061871
Wang Saphung,17.301,101.7685,75.0,77,2,7.99,TH,1612061871
Megion,61.0296,76.1136,-18.4,76,75,17.9,RU,1612061871
Isiolo,0.3546,37.5822,63.61,46,38,3.94,KE,1612061655
Vostok,46.4856,135.8833,-7.51,84,14,5.53,RU,1612061707
Vila,42.0304,-8.1588,48.0,94,100,5.01,PT,1612061872
Lagoa,39.05,-27.9833,61.72,96,98,23.15,PT,1612061872
Ouégoa,-20.35,164.4333,84.06,56,24,12.06,NC,1612061872
Maniitsoq,65.4167,-52.9,11.66,75,0,6.04,GL,1612061646
Maumere,-8.6199,122.2111,83.23,75,100,8.55,ID,1612061612
Cidreira,-30.1811,-50.2056,75.61,89,98,10.11,BR,1612061872
Chimbote,-9.0853,-78.5783,70.23,79,86,5.5,PE,1612061872
Muros,42.7762,-9.0603,55.0,90,100,5.99,ES,1612061595
Mallaig,54.2169,-111.3685,1.4,85,1,5.75,CA,1612061872
Bambous Virieux,-20.3428,57.7575,78.8,83,20,6.91,MU,1612061873
Eyl,7.9803,49.8164,73.65,73,81,14.79,SO,1612061873
Berlevåg,70.8578,29.0864,26.6,80,0,14.97,NO,1612061873
Ponta Delgada,37.7333,-25.6667,63.0,94,75,12.66,PT,1612061873
Cap Malheureux,-19.9842,57.6142,78.01,82,2,1.99,MU,1612061873
Yinchuan,38.4681,106.2731,31.89,68,0,9.06,CN,1612061873
Altay,47.8667,88.1167,11.57,76,0,3.0,CN,1612061873
Fortuna,40.5982,-124.1573,52.0,81,90,21.85,US,1612061874
Seoul,37.5683,126.9778,39.2,41,0,10.36,KR,1612061841
Inta,66.0317,60.1659,-2.67,88,100,8.03,RU,1612061874
Bedford,52.1346,-0.4663,33.01,90,64,5.01,GB,1612061756
Sabha,27.0377,14.4283,54.19,43,0,6.55,LY,1612061874
Yumen,40.2833,97.2,28.29,66,0,27.67,CN,1612061874
La Rioja,42.25,-2.5,37.99,91,55,3.0,ES,1612061874
Egvekinot,66.3167,-179.1667,-20.29,85,100,11.1,RU,1612061874
Williston,48.147,-103.618,12.99,87,1,1.92,US,1612061874
Port Lincoln,-34.7333,135.8667,68.67,60,73,13.09,AU,1612061875
Camopi,3.1655,-52.3158,72.18,98,99,2.04,GF,1612061601
Aklavik,68.2191,-135.0107,-27.4,75,100,1.14,CA,1612061875
Shimanovsk,52.0,127.7,-18.8,84,99,3.06,RU,1612061875
Matagami,49.7502,-77.6328,-2.2,84,90,3.44,CA,1612061616
Ayan,56.45,138.1667,-5.96,84,100,7.29,RU,1612061875
Santa Cruz de La Palma,28.6835,-17.7642,64.4,82,40,11.5,ES,1612061875
Esperance,-33.8667,121.9,78.8,41,0,6.91,AU,1612061875
Mogadishu,2.0371,45.3438,74.34,84,20,15.41,SO,1612061875
Rūdbār,30.15,62.6,59.92,33,2,8.08,AF,1612061875
Port Elizabeth,-33.918,25.5701,60.8,88,0,3.44,ZA,1612061875
Zhigansk,66.7697,123.3711,-45.62,74,69,3.83,RU,1612061876
Wanning,18.8003,110.3967,72.45,75,70,11.61,CN,1612061876
Bayjī,34.9311,43.487,47.66,59,96,7.85,IQ,1612061876
Torbay,47.6666,-52.7314,28.99,100,90,9.22,CA,1612061876
Brigantine,39.4101,-74.3646,28.99,63,1,3.44,US,1612061643
Santa Marta,11.2408,-74.199,84.2,54,14,11.5,CO,1612061711
Coquimbo,-29.9533,-71.3436,64.4,94,90,3.44,CL,1612061642
Namatanai,-3.6667,152.4333,84.49,66,100,13.27,PG,1612061876
Trairi,-3.2778,-39.2689,79.11,83,100,8.34,BR,1612061876
Chifeng,42.2683,118.9636,19.42,92,100,1.81,CN,1612061711
Mazagão,-0.115,-51.2894,80.6,89,75,4.61,BR,1612061877
Saint-Philippe,-21.3585,55.7679,79.0,65,0,5.75,RE,1612061877
Umeå,63.8284,20.2597,3.2,92,90,5.75,SE,1612061877
Mumford,5.2618,-0.759,78.94,90,70,8.79,GH,1612061875
Tasiilaq,65.6145,-37.6368,21.2,33,75,11.5,GL,1612061877
Ishigaki,24.3448,124.1572,71.6,49,75,13.8,JP,1612061877
Bānāvar,13.4136,76.1683,70.54,55,0,6.64,IN,1612061877
Hualmay,-11.0964,-77.6139,70.83,78,85,7.94,PE,1612061610
Port-Gentil,-0.7193,8.7815,77.02,80,100,7.31,GA,1612061874
Urupês,-21.2017,-49.29,80.6,61,0,11.5,BR,1612061878
Derzhavīnsk,51.1,66.3167,16.65,93,100,5.06,KZ,1612061878
Praxédis Guerrero,31.3667,-106.0167,53.6,17,1,5.75,MX,1612061878
Nanortalik,60.1432,-45.2371,29.14,90,100,6.55,GL,1612061878
Keetmanshoop,-26.5833,18.1333,70.75,30,0,6.78,NA,1612061878
Baykit,61.67,96.37,-33.2,76,1,1.14,RU,1612061878
Poniatowa,51.1798,22.1309,26.6,86,90,10.36,PL,1612061815
Rawson,-43.3002,-65.1023,60.64,60,18,14.36,AR,1612061878
Entebbe,0.0644,32.4469,69.8,94,20,0.51,UG,1612061607
Masuri,35.8488,128.1492,44.6,38,1,3.44,KR,1612061878
Yei,4.095,30.6779,67.26,28,12,0.81,SS,1612061878
Kilifi,-3.6305,39.8499,74.5,87,38,5.5,KE,1612061879
Iracoubo,5.4802,-53.2011,77.81,85,100,14.85,GF,1612061879
Hong Kong,22.2855,114.1577,72.0,40,0,11.99,HK,1612061583
Zharkent,44.1628,80.0,22.44,70,100,4.5,KZ,1612061879
Nioro,13.35,-15.75,72.81,17,74,6.71,GM,1612061879
Langsa,4.4683,97.9683,86.11,61,99,0.38,ID,1612061879
Itarema,-2.9248,-39.9167,78.6,84,100,10.36,BR,1612061879
Paka,4.6374,103.4368,75.2,100,40,1.14,MY,1612061879
Aswān,24.0934,32.907,51.53,46,0,7.7,EG,1612061656
Faanui,-16.4833,-151.75,82.09,68,68,7.29,PF,1612061880
Mastic Beach,40.7668,-72.8521,21.99,57,1,11.34,US,1612061880
Ilulissat,69.2167,-51.1,6.8,66,90,4.61,GL,1612061880
Chimala,-8.85,34.0167,63.73,85,100,0.38,TZ,1612061880
Marzuq,14.4,46.4667,55.87,61,0,2.48,YE,1612061880
San Patricio,28.017,-97.5169,69.8,88,1,17.27,US,1612061881
Hauterive,46.0901,3.4459,42.8,81,75,6.91,FR,1612061881
Guerrero Negro,27.9769,-114.0611,59.54,71,64,12.28,MX,1612061593
Naviraí,-23.065,-54.1906,71.28,95,100,8.32,BR,1612061881
Nemuro,43.3236,145.575,24.8,58,20,8.05,JP,1612061881
Monroe,43.1501,-77.6831,15.01,92,75,3.44,US,1612061723
Ostrovnoy,68.0531,39.5131,15.35,95,100,7.52,RU,1612061882
Devonport,-41.1667,146.35,70.0,67,93,4.0,AU,1612061882
Margate,51.3813,1.3862,39.99,61,5,4.0,GB,1612061882
Ponta do Sol,32.6667,-17.1,57.0,75,15,5.01,PT,1612061882
Los Llanos de Aridane,28.6585,-17.9182,64.4,82,40,11.5,ES,1612061882
Katsuura,35.1333,140.3,52.0,37,20,16.11,JP,1612061883
Severo-Kuril'sk,50.6789,156.125,25.18,95,100,34.52,RU,1612061883
Norman Wells,65.282,-126.8329,-27.4,75,75,2.3,CA,1612061883
Santa Margherita Ligure,44.3346,9.212,48.0,80,100,10.8,IT,1612061883
Kutum,14.2,24.6667,50.86,40,0,4.65,SD,1612061884
Marseille,43.297,5.3811,46.4,81,0,6.91,FR,1612061845
Tuatapere,-46.1333,167.6833,66.43,48,100,2.39,NZ,1612061884
Alcúdia,39.8532,3.1214,55.99,76,2,7.0,ES,1612061884
Cayambe,0.05,-78.1333,53.6,87,0,6.91,EC,1612061736
Chardara,41.2547,67.9692,47.14,50,100,13.18,KZ,1612061885
Magrath,49.4167,-112.8686,33.8,64,0,16.11,CA,1612061885
New Glasgow,45.5834,-62.6486,23.0,80,100,18.41,CA,1612061885
Shubarkuduk,49.1447,56.4872,14.95,93,3,9.82,KZ,1612061670
Nome,64.5011,-165.4064,-5.8,77,1,4.61,US,1612061642
Kautokeino,69.0125,23.0412,14.41,95,100,11.92,NO,1612061886
Krasnoarmeysk,51.0239,45.6969,28.99,97,100,8.01,RU,1612061886
Leirvik,59.7798,5.5005,30.99,89,11,1.99,NO,1612061886
Ayagoz,47.9714,80.4392,15.3,89,100,13.8,KZ,1612061886
La Ligua,-32.4524,-71.2311,67.21,80,63,1.57,CL,1612061886
Haines Junction,60.7522,-137.5108,-11.2,77,86,0.16,CA,1612061886
Sri Aman,1.2376,111.4621,80.6,89,20,1.14,MY,1612061626
Middelburg,-25.7751,29.4648,62.22,91,4,3.27,ZA,1612061886
Merrill,45.1805,-89.6835,28.4,80,90,12.66,US,1612061886
Nyurba,63.2842,118.3319,-39.05,80,99,3.36,RU,1612061886
Novopavlovka,51.2172,109.2091,-13.9,82,100,7.85,RU,1612061887
Lompoc,34.6391,-120.4579,51.8,82,1,5.75,US,1612061848
Bosaso,11.2842,49.1816,70.12,75,31,4.38,SO,1612061661
Pozo Colorado,-23.4923,-58.7972,85.1,61,98,9.69,PY,1612061887
Kattivākkam,13.2167,80.3167,75.2,88,20,6.26,IN,1612061887
Mgandu,-5.95,34.1333,57.83,96,8,3.69,TZ,1612061887
Kungurtug,50.5994,97.5228,-2.74,87,100,2.19,RU,1612061607
Chicama,-7.8447,-79.1469,68.0,88,90,10.36,PE,1612061887
Grindavik,63.8424,-22.4338,19.4,73,75,5.75,IS,1612061593
San Jose,37.3394,-121.895,54.0,58,20,3.13,US,1612061700
Seminole,28.7086,-81.2081,62.01,67,1,6.91,US,1612061686
Itaueira,-7.6033,-43.0256,72.19,81,100,2.75,BR,1612061888
Palana,59.1167,159.9667,-5.98,91,68,17.96,RU,1612061888
Butajīra,8.1167,38.3667,54.16,42,22,6.22,ET,1612061888
Dzhebariki-Khaya,62.2167,135.8,-43.06,77,99,0.49,RU,1612061888
Presidente Médici,-11.1753,-61.9014,73.81,96,100,3.18,BR,1612061888
Tommot,58.9564,126.2925,-32.8,78,73,0.22,RU,1612061888
Imeni Poliny Osipenko,52.4201,136.4853,-8.16,88,83,9.6,RU,1612061888
Ekhabi,53.5102,142.9671,-3.95,90,100,19.15,RU,1612061889
Santa Isabel Rio Negro,-0.4139,-65.0192,75.2,87,21,2.91,BR,1612061889
Voh,-20.9667,164.7,84.74,55,20,9.01,NC,1612061889
Chingirlau,51.095,54.0814,23.02,98,98,5.77,KZ,1612061889
Khorramshahr,30.4397,48.1664,50.7,51,0,3.27,IR,1612061889
Honiara,-9.4333,159.95,82.49,80,96,8.61,SB,1612061889
Lady Frere,-31.7031,27.2329,59.81,85,35,2.35,ZA,1612061889
Porto Santo,33.072,-16.3415,57.2,88,0,4.61,PT,1612061889
Dhārchula,29.85,80.5333,53.08,27,0,1.52,IN,1612061889
Sørland,67.667,12.6934,30.7,89,41,7.54,NO,1612061889
Aripuanã,-9.1667,-60.6333,74.46,98,100,1.57,BR,1612061889
Mahibadhoo,3.7833,72.9667,81.16,75,1,11.3,MV,1612061890
Beyneu,45.3167,55.2,33.1,94,100,12.3,KZ,1612061890
Kalnibolotskaya,46.0058,40.4568,36.09,89,100,7.76,RU,1612061890
Nelson Bay,-32.7167,152.15,78.01,83,90,21.85,AU,1612061811
Baker City,44.7749,-117.8344,37.4,70,1,8.05,US,1612061863
Téra,14.0078,0.7531,68.27,21,0,9.82,NE,1612061890
Monteagudo,-19.8167,-63.9833,64.26,73,98,3.2,BO,1612061890
Ixtapa,20.7,-105.2,71.6,83,1,3.44,MX,1612061890
Ugoofaaru,5.6667,73.0,82.13,66,69,7.38,MV,1612061890
Barceloneta,18.4505,-66.5385,73.0,96,85,1.99,PR,1612061891
San Fernando del Valle de Catamarca,-28.4696,-65.7852,75.0,82,37,1.99,AR,1612061891
Katherine,-14.4667,132.2667,87.8,62,75,12.66,AU,1612061891
Ancud,-41.8697,-73.8203,53.01,76,0,3.44,CL,1612061891
Shingū,33.7333,135.9833,51.8,50,40,10.36,JP,1612061891
Harboøre,56.6175,8.1807,30.99,93,0,1.01,DK,1612061891
Haimen,23.1935,116.6142,62.6,63,0,4.47,CN,1612061891
Shache,38.4167,77.2406,24.15,84,65,2.42,CN,1612061891
El Rodeo (El Naranjo),21.4667,-98.6,67.5,90,55,1.45,MX,1612061891
Joshīmath,30.5667,79.5667,46.06,30,0,3.38,IN,1612061891
Beian,63.6559,9.5683,32.0,86,75,18.41,NO,1612061617
Solnechnyy,50.7214,136.6319,-7.29,85,54,5.59,RU,1612061892
Clyde River,70.4692,-68.5914,-4.0,92,90,5.75,CA,1612061892
Merseburg,51.3667,12.0,30.0,74,75,4.61,DE,1612061892
Angoram,-4.0625,144.0661,84.22,84,84,3.67,PG,1612061892
Sann,26.0418,68.1378,59.67,36,0,1.1,PK,1612061892
Montes Claros,-16.735,-43.8617,77.0,50,0,3.31,BR,1612061892
Mangan,27.5167,88.5333,59.02,29,0,2.64,IN,1612061892
Cayenne,4.9333,-52.3333,80.6,89,75,11.5,GF,1612061892
Bud,39.447,-86.1758,33.01,97,100,16.55,US,1612061893
Hasaki,35.7333,140.8333,50.0,34,20,19.57,JP,1612061893
Pacific Grove,36.6177,-121.9166,53.6,71,1,3.29,US,1612061893
Beringovskiy,63.05,179.3167,6.06,94,100,30.24,RU,1612061893
Taksimo,56.3444,114.8794,-23.89,78,100,0.89,RU,1612061893
Mujiayingzi,42.1167,118.7833,23.67,91,100,5.32,CN,1612061893
Banda Aceh,5.5577,95.3222,81.61,70,70,12.64,ID,1612061837
Gambēla,8.25,34.5833,75.99,44,0,2.75,ET,1612061893
Mbaïki,3.8678,17.9892,66.92,88,98,2.33,CF,1612061893
Atambua,-9.1061,124.8925,75.7,91,100,8.86,ID,1612061893
Chambas,22.1928,-78.9136,71.6,78,40,10.36,CU,1612061894
Beihai,21.4833,109.1,66.94,74,0,14.7,CN,1612061894
Mercedes,-34.6515,-59.4307,59.0,89,94,3.0,AR,1612061647
Lebu,-37.6167,-73.65,55.8,87,2,13.4,CL,1612061894
Port Keats,-14.25,129.55,80.13,86,100,9.89,AU,1612061894
Cabedelo,-6.9811,-34.8339,77.0,88,20,4.61,BR,1612061894
Raja,8.4596,25.678,61.86,28,9,4.0,SS,1612061894
Rawlins,41.7911,-107.2387,24.8,63,1,13.8,US,1612061626
Belyy Yar,53.6039,91.3903,-23.8,69,80,2.24,RU,1612061894
Trincomalee,8.5711,81.2335,79.65,84,69,14.94,LK,1612061894
Ngunguru,-35.6167,174.5,73.0,53,0,14.0,NZ,1612061895
Rocha,-34.4833,-54.3333,65.61,89,100,15.88,UY,1612061895
Vao,-22.6667,167.4833,76.3,79,86,21.16,NC,1612061895
Port Hardy,50.6996,-127.4199,44.6,87,90,17.27,CA,1612061895
Buraidah,26.326,43.975,42.8,81,0,7.2,SA,1612061895
Tanga,-5.0667,39.1,77.36,81,65,14.58,TZ,1612061895
Bowen,-20.0167,148.2333,84.2,70,75,19.57,AU,1612061895
Ouadda,8.0777,22.4007,69.13,23,71,6.96,CF,1612061895
Bilma,18.6853,12.9164,57.13,32,0,4.23,NE,1612061647
Hellvik,59.9156,5.781,30.99,89,77,1.99,NO,1612061896
Yakeshi,49.2833,120.7333,-10.03,88,100,4.76,CN,1612061896
Trelleborg,55.3751,13.1569,32.0,93,90,8.05,SE,1612061896
Joaçaba,-27.1781,-51.5047,66.33,90,0,3.0,BR,1612061896
Mil'kovo,54.7167,158.6167,12.09,94,100,8.63,RU,1612061896
Thinadhoo,0.5333,72.9333,81.86,77,12,12.41,MV,1612061896
Nishihara,26.1842,127.7558,68.0,34,20,14.97,JP,1612061896
Torrelavega,43.3494,-4.0479,55.0,71,98,14.0,ES,1612061896
Rock Sound,24.9,-76.2,70.45,65,91,17.87,BS,1612061896
Steinbach am Taunus,50.1667,8.5667,32.0,86,40,11.5,DE,1612061896
Powell River,49.8496,-124.5361,44.6,87,75,12.66,CA,1612061897
Río Cuarto,-33.1307,-64.3499,59.0,98,81,8.01,AR,1612061897
Beidao,34.5686,105.8933,32.0,58,66,1.21,CN,1612061897
Ukiah,39.1502,-123.2078,53.6,54,40,9.22,US,1612061897
Chissamba,-12.1667,17.3333,61.23,89,97,4.61,AO,1612061897
Lastoursville,-0.8143,12.7287,71.53,93,100,1.86,GA,1612061897
Riyadh,24.6877,46.7219,50.0,53,0,3.44,SA,1612061618
Praia da Vitória,38.7333,-27.0667,64.4,88,75,13.56,PT,1612061662
Sayyan,15.1718,44.3244,44.17,54,0,3.22,YE,1612061897
Xinzhou,38.4092,112.7333,39.2,54,0,10.67,CN,1612061897
Maţāy,28.419,30.7792,45.46,56,0,3.51,EG,1612061898
Chaozhou,23.6651,116.6379,62.6,63,0,4.47,CN,1612061898
Batemans Bay,-35.7167,150.1833,69.01,77,98,1.99,AU,1612061898
Caçapava do Sul,-30.5122,-53.4914,68.95,100,100,8.99,BR,1612061898
Bucerías,20.75,-105.3333,71.6,83,1,3.44,MX,1612061898
Isangel,-19.55,169.2667,84.2,74,75,11.5,VU,1612061898
Praia,14.9215,-23.5087,73.4,53,0,17.27,CV,1612061898
Lethem,3.3803,-59.7968,78.66,74,63,11.83,GY,1612061898
Odiongan,12.4017,121.9919,78.96,75,100,21.07,PH,1612061898
Vila Velha,-20.3297,-40.2925,78.8,78,40,6.91,BR,1612061899
Naze,28.3667,129.4833,62.6,51,75,6.91,JP,1612061899
Lincoln,40.8,-96.667,32.0,80,90,28.77,US,1612061725
Salalah,17.0151,54.0924,66.2,72,40,3.44,OM,1612061899
Marawi,7.9986,124.2928,81.0,83,34,8.99,PH,1612061899
Deputatsky,69.3,139.9,-24.59,89,100,1.99,RU,1612061899
Tandil,-37.3217,-59.1332,50.88,82,79,8.5,AR,1612061621
Abéché,13.8292,20.8324,67.78,22,0,13.91,TD,1612061899
Pemba,-12.974,40.5178,77.0,94,40,6.91,MZ,1612061899
Aras,42.5617,-2.356,46.99,76,75,14.97,ES,1612061899
Tura,25.5198,90.2201,64.69,34,0,1.34,IN,1612061900
Miraflores,19.2167,-98.8083,68.0,32,1,8.05,MX,1612061900
Porto-Novo,6.4965,2.6036,82.4,83,40,9.22,BJ,1612061900
Korla,41.7597,86.1469,23.11,81,0,5.01,CN,1612061900
Ibrā’,22.6906,58.5334,55.18,51,0,2.77,OM,1612061900
Mehamn,71.0357,27.8492,26.6,80,0,14.97,NO,1612061900
Najrān,17.4924,44.1277,57.2,30,0,4.61,SA,1612061900
Miracema do Tocantins,-9.5618,-48.3967,73.58,90,100,1.66,BR,1612061900
Raudeberg,61.9875,5.1352,32.0,100,100,6.91,NO,1612061901
Irituia,-1.7711,-47.4381,73.22,97,100,2.08,BR,1612061901
Jaisalmer,26.9147,70.9181,61.16,23,0,6.78,IN,1612061901
Ryōtsu-minato,38.0833,138.4333,37.4,65,40,20.71,JP,1612061901
Keskin,39.6731,33.6136,37.0,93,98,3.27,TR,1612061901
Portland,45.5234,-122.6762,46.99,87,90,9.22,US,1612061377
Bima,-8.4667,118.7167,86.81,64,100,2.84,ID,1612061776
Woodward,36.4337,-99.3904,41.0,80,1,14.97,US,1612061902
Dakar,14.6937,-17.4441,69.8,64,0,11.5,SN,1612061902
Henties Bay,-22.116,14.2845,66.99,84,50,4.0,NA,1612061668
Tacuarembó,-31.7333,-55.9833,66.13,95,100,4.34,UY,1612061902
Ligayan,4.6533,119.4706,80.29,79,100,12.1,PH,1612061902
Jiuquan,39.7432,98.5174,26.11,77,0,2.71,CN,1612061902
Porto de Moz,-1.7483,-52.2383,73.36,98,6,3.06,BR,1612061902
Port Pirie,-33.1833,138.0167,71.6,60,61,16.11,AU,1612061902
Buncrana,55.1333,-7.45,34.27,85,100,12.71,IE,1612061903
Ahipara,-35.1667,173.1667,68.99,57,13,5.75,NZ,1612061637
Samarai,-10.6167,150.6667,85.87,72,100,15.99,PG,1612061621
Leningradskiy,69.3833,178.4167,-27.18,82,0,4.61,RU,1612061903
São João da Barra,-21.6403,-41.0511,77.13,81,2,20.76,BR,1612061740
Barra do Garças,-15.89,-52.2567,73.92,85,82,0.34,BR,1612061903
Ellisras,-23.6649,27.7443,70.07,86,30,5.26,ZA,1612061903
Arlit,18.7369,7.3853,57.85,29,9,3.51,NE,1612061903
Tokur,53.1333,132.9,-24.92,86,93,4.07,RU,1612061903
College,64.8569,-147.8028,-4.0,77,90,0.6,US,1612061904
Āzādshahr,34.7909,48.5707,28.2,83,99,10.92,IR,1612061904
Hilton Head,32.2163,-80.7526,53.6,82,75,4.61,US,1612061639
Cabatuan,10.8794,122.486,80.78,73,91,17.72,PH,1612061904
Pirgos,35.1167,25.7178,51.8,66,20,9.22,GR,1612061904
Juba,4.8517,31.5825,72.37,24,0,2.86,SS,1612061904
Noumea,-22.2763,166.4572,82.0,73,90,16.11,NC,1612061904
Kidal,18.4411,1.4078,62.42,26,12,9.04,ML,1612061904
Pakxan,18.3778,103.6601,80.01,46,1,3.67,LA,1612061904
Zyryanka,65.75,150.85,-26.82,84,100,17.34,RU,1612061905
Anchorage,61.2181,-149.9003,21.2,53,20,3.44,US,1612061732
Mongomo,1.6274,11.3135,68.2,97,100,2.24,GQ,1612061905
Moose Factory,51.2585,-80.6094,-11.2,92,1,4.61,CA,1612061905
Villasanta,45.608,9.3104,41.0,100,75,2.3,IT,1612061905
Gibara,21.1097,-76.1317,69.8,73,0,13.8,CU,1612061905
Santiago del Estero,-27.7951,-64.2615,70.92,75,99,12.77,AR,1612061905
Tāndā,26.55,82.65,52.18,53,0,3.78,IN,1612061905
Andenes,69.3143,16.1194,24.01,73,100,2.3,NO,1612061905
Creel,27.75,-107.6333,40.64,70,11,3.58,MX,1612061905
Sivas Province,39.7916,37.0019,28.4,93,75,14.97,TR,1612061906
Llandrindod Wells,52.2416,-3.3787,32.0,98,82,1.01,GB,1612061906
Doha,25.2867,51.5333,64.4,59,0,13.8,QA,1612061906
Acaraú,-2.8856,-40.12,78.53,85,100,10.92,BR,1612061906
Smithers,54.7804,-127.1743,19.4,86,90,2.3,CA,1612061606
Olafsvik,64.8945,-23.7142,22.5,89,27,15.77,IS,1612061906
São Filipe,14.8961,-24.4956,74.39,60,100,11.07,CV,1612061906
Caxias,38.7031,-9.2767,59.0,94,75,10.36,PT,1612061906
Maningrida,-12.0667,134.2667,90.63,59,21,9.31,AU,1612061906
Kamen'-Rybolov,44.7481,132.0403,-4.14,87,1,4.83,RU,1612061907
Atar,20.5169,-13.0499,64.67,25,65,7.94,MR,1612061907
Rumphi,-11.0186,33.8575,63.32,87,100,1.66,MW,1612061907
Morón,-34.6534,-58.6198,63.0,90,100,5.01,AR,1612061907
Tegul'det,57.3064,88.1667,-27.24,84,3,6.08,RU,1612061907
Sechura,-5.5569,-80.8222,77.58,62,52,14.79,PE,1612061907
Emerald,-23.5333,148.1667,91.4,38,40,8.05,AU,1612061907
Zliten,32.4674,14.5687,62.71,37,34,13.58,LY,1612061907
Soyo,-6.1349,12.3689,79.41,86,100,8.14,AO,1612061908
Mareeba,-17.0,145.4333,93.99,58,97,12.66,AU,1612061908
Darfo,45.8779,10.1812,39.99,92,100,1.01,IT,1612061908
Dudinka,69.4058,86.1778,-35.7,78,0,7.63,RU,1612061836
Alto Araguaia,-17.3147,-53.2153,70.72,89,100,4.41,BR,1612061908
Mossamedes,-15.1961,12.1522,72.79,75,97,5.08,AO,1612061908
Yangi Marg`ilon,40.4272,71.7189,32.0,55,100,9.22,UZ,1612061908
Padang,-0.9492,100.3543,82.78,66,69,3.56,ID,1612061646
Lucapa,-8.4192,20.7447,64.49,98,99,2.89,AO,1612061908
Ciudad Bolivar,8.1222,-63.5497,77.2,78,20,12.59,VE,1612061908
Sinnamary,5.3833,-52.95,77.63,85,100,14.54,GF,1612061909
Werda,-25.2667,23.2833,76.21,67,100,5.08,BW,1612061909
Kijini,-5.85,39.3167,79.41,84,79,14.99,TZ,1612061909
Urdoma,61.7533,48.5442,20.17,96,100,10.16,RU,1612061909
Nhulunbuy,-12.2333,136.7667,87.8,62,40,12.66,AU,1612061718
Luyang,27.6239,110.0989,47.21,91,99,2.21,CN,1612061909
San Policarpo,12.1791,125.5072,80.8,74,100,19.71,PH,1612061652
Gizo Government Station,-8.103,156.8419,86.52,69,60,20.85,SB,1612061909
Makat,47.6469,53.3463,24.1,96,95,10.8,KZ,1612061910
Linxia Chengguanzhen,35.6003,103.2064,28.69,75,99,2.98,CN,1612061910
Yankton,42.8711,-97.3973,28.4,93,90,12.66,US,1612061910
Ndélé,8.4109,20.6473,71.49,22,7,8.28,CF,1612061740
Kokopo,-4.352,152.2633,82.51,71,100,11.83,PG,1612061910
Taltal,-25.4,-70.4833,65.37,75,4,6.64,CL,1612061668
Yining,29.0361,114.5636,54.64,64,78,1.12,CN,1612061910
Flinders,-34.5833,150.8552,68.0,95,96,3.0,AU,1612061910
Kem',64.9555,34.5793,15.37,97,100,4.36,RU,1612061910
Ţalkhā,31.0539,31.3779,52.16,47,0,10.69,EG,1612061910
Hearst,49.6835,-83.6665,-2.2,78,2,4.61,CA,1612061911
Saint Anthony,45.0205,-93.218,32.0,86,90,6.91,US,1612061852
Kapoeta,4.7717,33.5903,80.42,33,0,14.45,SS,1612061911
Kropotkin,45.4375,40.5756,35.89,84,100,5.53,RU,1612061911
Vila Franca do Campo,37.7167,-25.4333,63.0,94,75,12.66,PT,1612061911
Balabac,7.9868,117.0645,82.13,74,61,22.73,PH,1612061911
Tigre,-34.426,-58.5796,62.6,82,0,11.5,AR,1612061891
Seguin,29.5688,-97.9647,66.2,68,1,4.61,US,1612061911
Chichli,22.8333,78.8167,57.49,32,0,2.91,IN,1612061911
Yautepec,18.8819,-99.0671,75.0,32,1,8.05,MX,1612061828
Touros,-5.1989,-35.4608,77.0,88,20,3.44,BR,1612061911
Azángaro,-14.9167,-70.2167,43.77,86,100,4.07,PE,1612061912
Trofors,65.5333,13.4063,23.0,86,90,1.14,NO,1612061912
Kiunga,-6.1219,141.2906,87.35,70,53,2.33,PG,1612061912
Paamiut,61.994,-49.6678,25.16,89,29,15.08,GL,1612061912
Port Blair,11.6667,92.75,82.9,69,19,12.06,IN,1612061912
Worland,44.0169,-107.9554,33.8,75,90,4.61,US,1612061627
Kaitangata,-46.2817,169.8464,61.0,74,100,8.01,NZ,1612061912
Konstantinovskiy,57.8301,39.5899,24.8,86,90,6.71,RU,1612061912
Parrita,9.5201,-84.3225,69.8,73,20,19.57,CR,1612061912
Buala,-8.145,159.5921,85.86,69,85,15.68,SB,1612061913
Bandarbeyla,9.4942,50.8122,73.4,71,96,15.12,SO,1612061913
Manokwari,-0.8667,134.0833,79.03,84,100,14.97,ID,1612061913
Iralaya,15.0,-83.2333,76.75,84,94,12.91,HN,1612061913
Agirish,61.9247,63.0231,-6.9,92,100,1.95,RU,1612061913
San Andrés,12.5847,-81.7006,80.6,74,20,16.11,CO,1612061913
Wembley,-31.9333,115.8,93.99,25,0,9.22,AU,1612061913
Zhmerynka,49.037,28.112,26.01,78,89,11.79,UA,1612061913
Tromsø,69.6496,18.957,21.99,92,99,2.3,NO,1612061913
Naryan-Mar,67.6713,53.087,1.22,93,100,11.21,RU,1612061913
Amga,60.8953,131.9608,-32.57,79,100,2.89,RU,1612061913
Nantucket,41.2835,-70.0995,19.99,49,1,16.11,US,1612061758
Carbonia,39.1672,8.5222,53.6,82,40,4.61,IT,1612061914
Yaan,7.3833,8.5667,69.71,70,2,4.68,NG,1612061615
Jiamusi,46.8333,130.35,-6.56,84,0,5.68,CN,1612061914
Barra de Tecoanapa,16.5167,-98.75,76.19,81,62,3.89,MX,1612061914
Panguna,-6.3164,155.4848,80.85,67,99,6.71,PG,1612061914
Ulladulla,-35.35,150.4667,69.01,94,90,8.05,AU,1612061914
Cap-aux-Meules,47.3821,-61.8597,26.6,80,100,18.41,CA,1612061914
Lander,42.833,-108.7307,33.8,40,90,5.37,US,1612061849
